symbol;sector;fullTimeEmployees;city;state;country;industry;percentage_1y
BKNG;Consumer Cyclical;26400.0;Norwalk;CT;United States;Travel Services;-9.628417182617472
ANET;Technology;2300.0;Santa Clara;CA;United States;Computer Hardware;-39.0557964714099
BA;Industrials;161100.0;Chicago;IL;United States;Aerospace & Defense;-27.421186067463132
W;Consumer Cyclical;16985.0;Boston;MA;United States;Internet Retail;-60.87037160357562
ULTA;Consumer Cyclical;18000.0;Bolingbrook;IL;United States;Specialty Retail;-26.734112051956245
VMW;Technology;29450.0;Palo Alto;CA;United States;Software—Infrastructure;-40.15294779975814
STI;0;0.0;0;0;0;0;
PANW;Technology;7643.0;Santa Clara;CA;United States;Software—Infrastructure;-25.9149288209934
BAP;Financial Services;35846.0;Hamilton;0;Bermuda;Banks—Regional;-23.640420936634726
AMZN;Consumer Cyclical;798000.0;Seattle;WA;United States;Internet Retail;-2.8208422380914806
IRBT;Technology;1330.0;Bedford;MA;United States;Consumer Electronics;-52.92790278078156
CXO;Energy;1453.0;Midland;TX;United States;Oil & Gas E&P;-41.34690357240129
ILMN;Healthcare;7700.0;San Diego;CA;United States;Diagnostics & Research;-14.86027235206667
BIDU;Communication Services;37779.0;Beijing;0;China;Internet Content & Information;-27.6575224953276
RCL;Consumer Cyclical;85300.0;Miami;FL;United States;Travel Services;-34.24108238074049
DXC;Technology;130000.0;Tysons;VA;United States;Information Technology Services;-63.19083876282205
ALXN;Healthcare;3082.0;Boston;MA;United States;Biotechnology;-30.497447375559204
WYNN;Consumer Cyclical;30200.0;Las Vegas;NV;United States;Resorts & Casinos;-27.41816209188484
AVGO;Technology;19000.0;San Jose;CA;United States;Semiconductors;-12.822974528966864
FFIV;Technology;5325.0;Seattle;WA;United States;Software—Infrastructure;-24.607170115255165
TWOU;Consumer Defensive;3749.0;Lanham;MD;United States;Education & Training Services;-61.84061029706962
ATHM;Communication Services;4198.0;Beijing;0;China;Internet Content & Information;-32.823044175856154
WWE;Communication Services;960.0;Stamford;CT;United States;Entertainment;-43.295346078775346
XEC;Energy;987.0;Denver;CO;United States;Oil & Gas E&P;-51.76590651452564
AAP;Consumer Cyclical;39000.0;Raleigh;NC;United States;Specialty Retail;-20.26144251319761
EOG;Energy;2900.0;Houston;TX;United States;Oil & Gas E&P;-34.78350688501732
XLNX;Technology;0.0;San Jose;CA;United States;Semiconductors;-28.68978770239106
KSS;Consumer Cyclical;122000.0;Menomonee Falls;WI;United States;Department Stores;-45.940344496353546
EVR;Financial Services;1900.0;New York;NY;United States;Capital Markets;-32.03427358891417
WDAY;Technology;12200.0;Pleasanton;CA;United States;Software—Application;-15.285313846014038
YY;Communication Services;9273.0;Guangzhou;0;China;Internet Content & Information;-35.96345277361265
FLR;Industrials;53349.0;Irving;TX;United States;Engineering & Construction;-76.46464632842117
TRIP;Consumer Cyclical;4194.0;Needham;MA;United States;Travel Services;-56.06968847187505
PRU;Financial Services;51511.0;Newark;NJ;United States;Insurance—Life;-28.34758332233242
CLR;Energy;1260.0;Oklahoma City;OK;United States;Oil & Gas E&P;-60.56191245821398
DLTR;Consumer Defensive;56900.0;Chesapeake;VA;United States;Discount Stores;-25.184721330151692
OXY;Energy;14400.0;Houston;TX;United States;Oil & Gas E&P;-45.55130368053887
NOAH;Financial Services;2992.0;Shanghai;0;China;Asset Management;-49.075902756363504
NTAP;Technology;10500.0;Sunnyvale;CA;United States;Computer Hardware;-35.90341389502313
CMA;Financial Services;7753.0;Dallas;TX;United States;Banks—Regional;-33.18949260314764
PD;Technology;669.0;San Francisco;CA;United States;Software—Application;-55.69892391081779
WB;Communication Services;4126.0;Beijing;0;China;Internet Content & Information;-37.80073890826799
DELL;Technology;165000.0;Round Rock;TX;United States;Computer Hardware;-38.276129365660395
PDCE;Energy;540.0;Denver;CO;United States;Oil & Gas E&P;-56.423170404027736
HAS;Consumer Cyclical;5600.0;Pawtucket;RI;United States;Leisure;-24.05623370728267
TWLO;Communication Services;2905.0;San Francisco;CA;United States;Internet Content & Information;-17.17038396964355
CC;Basic Materials;7000.0;Wilmington;DE;United States;Specialty Chemicals;-60.26738221816681
FL;Consumer Cyclical;15589.0;New York;NY;United States;Footwear & Accessories;-38.33985467684214
LYFT;Technology;5683.0;San Francisco;CA;United States;Software—Application;-37.08532953311669
WEX;Technology;5000.0;Portland;ME;United States;Software—Infrastructure;-10.574075304869694
DIS;Communication Services;223000.0;Burbank;CA;United States;Entertainment;-15.541996447648826
PFPT;Technology;3368.0;Sunnyvale;CA;United States;Software—Infrastructure;-16.44468659052016
HLF;Consumer Defensive;9500.0;Los Angeles;CA;United States;Packaged Foods;-39.05837751365927
PSX;Energy;14500.0;Houston;TX;United States;Oil & Gas Refining & Marketing;-21.497483083881896
NSC;Industrials;24587.0;Norfolk;VA;United States;Railroads;-10.101553246058433
NCLH;Consumer Cyclical;36000.0;Miami;FL;United States;Travel Services;-34.72320054961579
GD;Industrials;100000.0;Reston;VA;United States;Aerospace & Defense;-10.892251292433263
PRI;Financial Services;2201.0;Duluth;GA;United States;Insurance—Life;-14.708133856079945
NTNX;Technology;6100.0;San Jose;CA;United States;Software—Infrastructure;-44.116267609330286
HOME;Consumer Cyclical;0.0;Plano;TX;United States;Specialty Retail;-78.24194908790055
GRUB;Communication Services;2714.0;Chicago;IL;United States;Internet Content & Information;-26.739756430962863
CHKP;Technology;5258.0;Tel Aviv;0;Israel;Software—Infrastructure;-14.065732043210454
VFC;Consumer Cyclical;75000.0;Greenwood Village;CO;United States;Apparel Manufacturing;-19.077149348582466
BLK;Financial Services;16200.0;New York;NY;United States;Asset Management;-3.50741636810417
FTV;Technology;25000.0;Everett;WA;United States;Scientific & Technical Instruments;-19.440879567450203
PS;Technology;1600.0;Farmington;UT;United States;Software—Application;-48.28886264379102
UNP;Industrials;33872.0;Omaha;NE;United States;Railroads;-9.409900662612532
ANF;Consumer Cyclical;8000.0;New Albany;OH;United States;Apparel Retail;-55.7465450600667
WUBA;Communication Services;21743.0;Beijing;0;China;Internet Content & Information;-23.043665378534595
SLB;Energy;103000.0;Houston;TX;United States;Oil & Gas Equipment & Services;-37.6237624632035
AOS;Industrials;15100.0;Milwaukee;WI;United States;Specialty Industrial Machinery;-29.134566809045122
ZS;Technology;1480.0;San Jose;CA;United States;Software—Infrastructure;-23.768322573500047
CSCO;Technology;75900.0;San Jose;CA;United States;Communication Equipment;-28.86157216223874
FSLR;Technology;6600.0;Tempe;AZ;United States;Solar;-25.986416001248536
BDC;Industrials;7000.0;Saint Louis;MO;United States;Electrical Equipment & Parts;-28.658210765938307
DFS;Financial Services;17200.0;Riverwoods;IL;United States;Credit Services;-19.474459890595387
NUE;Basic Materials;26800.0;Charlotte;NC;United States;Steel;-27.303098281233453
EQT;Energy;647.0;Pittsburgh;PA;United States;Oil & Gas E&P;-72.14048424024881
DOW;Basic Materials;36500.0;Midland;MI;United States;Chemicals;-27.189189464122325
ZNH;Industrials;103876.0;Guangzhou;0;China;Airlines;-35.8562857804898
CAT;Industrials;102300.0;Deerfield;IL;United States;Farm & Heavy Construction Machinery;-10.631568086938435
PINS;Communication Services;2217.0;San Francisco;CA;United States;Internet Content & Information;-43.08230894528737
AAL;Industrials;133700.0;Fort Worth;TX;United States;Airlines;-43.58898732948941
ETRN;Energy;800.0;Canonsburg;PA;United States;Oil & Gas Midstream;-67.28452285570218
UPS;Industrials;260280.0;Atlanta;GA;United States;Integrated Freight & Logistics;-13.687522868536009
COP;Energy;10400.0;Houston;TX;United States;Oil & Gas E&P;-22.713492434721793
COMM;Technology;30000.0;Hickory;NC;United States;Communication Equipment;-56.326851928911346
UNM;Financial Services;10300.0;Chattanooga;TN;United States;Insurance—Life;-36.93181806453238
MPC;Energy;60910.0;Findlay;OH;United States;Oil & Gas Refining & Marketing;-22.24955424835236
TECK;Basic Materials;10100.0;Vancouver;BC;Canada;Other Industrial Metals & Mining;-57.20930211927002
MO;Consumer Defensive;7300.0;Richmond;VA;United States;Tobacco;-24.556157357158263
AA;Basic Materials;13800.0;Pittsburgh;PA;United States;Aluminum;-48.342645480439806
CRZO;0;0.0;0;0;0;0;
PPG;Basic Materials;47600.0;Pittsburgh;PA;United States;Specialty Chemicals;-10.810352315027085
BEN;Financial Services;9600.0;San Mateo;CA;United States;Asset Management;-36.33703910299035
MPLX;Energy;0.0;Findlay;OH;United States;Oil & Gas Midstream;-37.95106898430713
TIGR;Financial Services;0.0;Beijing;0;China;Capital Markets;-78.1690133750687
COG;Energy;547.0;Houston;TX;United States;Oil & Gas E&P;-46.34052081493457
SLCA;Energy;2177.0;Katy;TX;United States;Oil & Gas Equipment & Services;-72.31604237811173
MAR;Consumer Cyclical;174000.0;Bethesda;MD;United States;Lodging;-8.80341333620621
GPS;Consumer Cyclical;129000.0;San Francisco;CA;United States;Apparel Retail;-45.38871932659544
CARS;Consumer Cyclical;1500.0;Chicago;IL;United States;Auto & Truck Dealerships;-56.575801100114184
HAL;Energy;50000.0;Houston;TX;United States;Oil & Gas Equipment & Services;-41.04970867355009
ETSY;Consumer Cyclical;1240.0;Brooklyn;NY;United States;Internet Retail;-16.712291711274972
DAL;Industrials;91000.0;Atlanta;GA;United States;Airlines;-20.093536404126112
SSNC;Technology;22800.0;Windsor;CT;United States;Software—Application;-17.201251662349833
CTSH;Technology;292500.0;Teaneck;NJ;United States;Information Technology Services;-15.842542788625838
CLVS;Healthcare;484.0;Boulder;CO;United States;Biotechnology;-59.968099821362244
GDDY;Technology;0.0;Scottsdale;AZ;United States;Software—Infrastructure;-13.796497790266837
PBF;Energy;3442.0;Parsippany;NJ;United States;Oil & Gas Refining & Marketing;-33.164180926422574
NTRS;Financial Services;20000.0;Chicago;IL;United States;Asset Management;-10.966823163296985
BMA;Financial Services;8768.0;Buenos Aires;0;Argentina;Banks—Regional;-27.057639375434288
PNC;Financial Services;50513.0;Pittsburgh;PA;United States;Banks—Regional;-7.74395548233356
BWA;Consumer Cyclical;29000.0;Auburn Hills;MI;United States;Auto Parts;-24.833492642008093
QRTEA;Consumer Cyclical;25314.0;Englewood;CO;United States;Internet Retail;-60.186803819106736
FTI;Energy;37000.0;London;0;United Kingdom;Oil & Gas Equipment & Services;-40.94707262960692
ATR;Consumer Cyclical;14000.0;Crystal Lake;IL;United States;Packaging & Containers;-9.207689568900143
MTDR;Energy;304.0;Dallas;TX;United States;Oil & Gas E&P;-51.26390288837951
PAA;Energy;5000.0;Houston;TX;United States;Oil & Gas Midstream;-42.49053507346863
MYL;Healthcare;35000.0;Hatfield;0;United Kingdom;Drug Manufacturers—Specialty & Generic;-36.91742923281608
BHP;Basic Materials;28926.0;Melbourne;VIC;Australia;Other Industrial Metals & Mining;-18.80389717023698
ANGI;Communication Services;5000.0;Denver;CO;United States;Internet Content & Information;-58.255268464346486
BKR;Energy;67000.0;Houston;TX;United States;Oil & Gas Equipment & Services;-38.04389457833383
GLW;Technology;49500.0;Corning;NY;United States;Electronic Components;-29.261781991801282
DE;Industrials;73489.0;Moline;IL;United States;Farm & Heavy Construction Machinery;-5.899331261451089
LVS;Consumer Cyclical;50000.0;Las Vegas;NV;United States;Resorts & Casinos;-14.338178882459015
SM;Energy;530.0;Denver;CO;United States;Oil & Gas E&P;-59.24317723562961
IP;Consumer Cyclical;51000.0;Memphis;TN;United States;Packaging & Containers;-20.49903688949153
GM;Consumer Cyclical;164000.0;Detroit;MI;United States;Auto Manufacturers;-23.76905453758783
GT;Consumer Cyclical;63000.0;Akron;OH;United States;Auto Parts;-49.50495408696894
ZION;Financial Services;9879.0;Salt Lake City;UT;United States;Banks—Regional;-19.162277937834173
CNDT;Technology;67000.0;Florham Park;NJ;United States;Information Technology Services;-74.2113572379667
EB;Technology;1111.0;San Francisco;CA;United States;Software—Application;-39.07422879243831
MLCO;Consumer Cyclical;23078.0;Central;0;Hong Kong;Resorts & Casinos;-34.81203043640782
WMB;Energy;4812.0;Tulsa;OK;United States;Oil & Gas Midstream;-32.661722797595594
AMC;Communication Services;3952.0;Leawood;KS;United States;Entertainment;-59.61290174914945
CGNX;Technology;2267.0;Natick;MA;United States;Scientific & Technical Instruments;-17.057727592685243
NOV;Energy;33810.0;Houston;TX;United States;Oil & Gas Equipment & Services;-32.576579875774215
AMRX;Healthcare;5500.0;Bridgewater;NJ;United States;Drug Manufacturers—Specialty & Generic;-70.01557742305319
QCOM;Technology;37000.0;San Diego;CA;United States;Semiconductors;-10.257876158443768
CSX;Industrials;20500.0;Jacksonville;FL;United States;Railroads;-11.23851012934981
IBM;Technology;352600.0;Armonk;NY;United States;Information Technology Services;-6.400581776298586
MRO;Energy;2000.0;Houston;TX;United States;Oil & Gas E&P;-51.72011710119925
AXL;Consumer Cyclical;20000.0;Detroit;MI;United States;Auto Parts;-58.327846619029835
BJ;Consumer Defensive;27231.0;Westborough;MA;United States;Discount Stores;-31.11587675416731
UAA;Consumer Cyclical;7000.0;Baltimore;MD;United States;Apparel Manufacturing;-37.926512679279085
DNKN;Consumer Cyclical;1114.0;Canton;MA;United States;Restaurants;-11.519025840590713
SQM;Basic Materials;5741.0;Santiago;0;Chile;Chemicals;-23.944446775648327
MUR;Energy;822.0;El Dorado;AR;United States;Oil & Gas E&P;-31.17925957824684
KHC;Consumer Defensive;37000.0;Pittsburgh;PA;United States;Packaged Foods;-25.548541878713728
PAM;Utilities;0.0;Buenos Aires;0;Argentina;Utilities—Regulated Electric;-41.62561169048786
APA;Energy;3163.0;Houston;TX;United States;Oil & Gas E&P;-24.984951352850988
ADP;Industrials;58000.0;Roseland;NJ;United States;Staffing & Employment Services;-5.061660053963254
ZEN;Technology;3570.0;San Francisco;CA;United States;Software—Application;-9.411770652129773
AM;Energy;547.0;Denver;CO;United States;Oil & Gas Midstream;-65.34181112912158
CDEV;Energy;195.0;Denver;CO;United States;Oil & Gas E&P;-77.55682015735084
ENLC;Energy;1355.0;Dallas;TX;United States;Oil & Gas Midstream;-67.95626717606295
UA;Consumer Cyclical;7000.0;Baltimore;MD;United States;Apparel Manufacturing;-39.29961154469175
PSA;Real Estate;5900.0;Glendale;CA;United States;REIT—Industrial;-3.715644013768951
MCHP;Technology;18286.0;Chandler;AZ;United States;Semiconductors;-8.113859437990612
PCG;Utilities;23000.0;San Francisco;CA;United States;Utilities—Regulated Electric;-33.81725042909236
WBA;Healthcare;232000.0;Deerfield;IL;United States;Pharmaceutical Retailers;-14.563112120545
CHL;Communication Services;0.0;Hong Kong;0;Hong Kong;Telecom Services;-16.2741830424199
VRSN;Technology;872.0;Reston;VA;United States;Software—Infrastructure;-3.909455194703136
NRG;Utilities;4577.0;Princeton;NJ;United States;Utilities—Independent Power Producers;-18.762235281898935
DO;Energy;2500.0;Houston;TX;United States;Oil & Gas Drilling;-71.54850861620704
LUV;Industrials;60922.0;Dallas;TX;United States;Airlines;-14.192834747291727
TELL;Energy;176.0;Houston;TX;United States;Oil & Gas E&P;
IVZ;Financial Services;8757.0;Atlanta;GA;United States;Asset Management;-34.21653714006091
CNP;Utilities;14262.0;Houston;TX;United States;Utilities—Regulated Gas;-24.400657205298984
PSTG;Technology;3400.0;Mountain View;CA;United States;Computer Hardware;-32.716049278891035
MIK;Consumer Cyclical;12000.0;Irving;TX;United States;Specialty Retail;-62.98533299936905
RES;Energy;2700.0;Atlanta;GA;United States;Oil & Gas Equipment & Services;-67.6387580415244
QLYS;Technology;1289.0;Foster City;CA;United States;Software—Infrastructure;-8.208355230904264
STAY;Consumer Cyclical;3500.0;Charlotte;NC;United States;Lodging;-39.47078328733546
HOG;Consumer Cyclical;5600.0;Milwaukee;WI;United States;Recreational Vehicles;-18.833248347760556
QSR;Consumer Cyclical;6300.0;Toronto;ON;Canada;Restaurants;-10.687022900763358
EXC;Utilities;32713.0;Chicago;IL;United States;Utilities—Diversified;-13.917733558030775
EMR;Industrials;88000.0;St. Louis;MO;United States;Specialty Industrial Machinery;-9.793160425438314
AFL;Financial Services;11729.0;Columbus;GA;United States;Insurance—Life;-13.817382497813377
AXP;Financial Services;64000.0;New York;NY;United States;Credit Services;-5.849607490659121
PE;Energy;496.0;Austin;TX;United States;Oil & Gas E&P;-33.63051379851918
JNPR;Technology;9419.0;Sunnyvale;CA;United States;Communication Equipment;-24.051542921453215
EQNR;Energy;21412.0;Stavanger;0;Norway;Oil & Gas Integrated;-30.14375547687957
OSTK;Consumer Cyclical;1613.0;Midvale;UT;United States;Internet Retail;-50.6870240455504
FDS;Financial Services;9892.0;Norwalk;CT;United States;Financial Data & Stock Exchanges;-2.4212209516795866
TWTR;Communication Services;5100.0;San Francisco;CA;United States;Internet Content & Information;-16.540970885554476
GCI;Communication Services;21255.0;McLean;VA;United States;Publishing;-60.930234332417335
HCM;Healthcare;853.0;Central;0;Hong Kong;Biotechnology;-21.666109048571975
SKT;Real Estate;285.0;Greensboro;NC;United States;REIT—Retail;-34.997290592166024
TSN;Consumer Defensive;141000.0;Springdale;AR;United States;Farm Products;-8.58489943285423
HRB;Consumer Cyclical;3100.0;Kansas City;MO;United States;Personal Services;-23.529413425038484
URBN;Consumer Cyclical;9600.0;Philadelphia;PA;United States;Apparel Retail;-21.186723804855536
ORLY;Consumer Cyclical;79778.0;Springfield;MO;United States;Specialty Retail;-1.6746663411458336
OLN;Basic Materials;6500.0;Clayton;MO;United States;Specialty Chemicals;-27.916290320553472
MOMO;Communication Services;2350.0;Beijing;0;China;Internet Content & Information;-18.160650932113935
LEVI;Consumer Cyclical;15800.0;San Francisco;CA;United States;Apparel Manufacturing;-26.735664597479946
PFE;Healthcare;88300.0;New York;NY;United States;Drug Manufacturers—General;-15.584748572523715
GS;Financial Services;38500.0;New York;NY;United States;Capital Markets;-2.972160231445126
PAYX;Industrials;15800.0;Rochester;NY;United States;Staffing & Employment Services;-7.331655553963754
JWN;Consumer Cyclical;75000.0;Seattle;WA;United States;Department Stores;-14.992648156880689
DISCA;Communication Services;9200.0;Silver Spring;MD;United States;Entertainment;-18.748019459901325
AR;Energy;547.0;Denver;CO;United States;Oil & Gas E&P;-78.63818327456373
HGV;Consumer Cyclical;9110.0;Orlando;FL;United States;Resorts & Casinos;-17.943987472671026
ED;Utilities;14890.0;New York;NY;United States;Utilities—Regulated Electric;-6.699814674717147
LOW;Consumer Cyclical;200000.0;Mooresville;NC;United States;Home Improvement Retail;-5.034754468383087
ORCL;Technology;136000.0;Redwood City;CA;United States;Software—Infrastructure;-10.203345242834422
ADM;Consumer Defensive;38000.0;Chicago;IL;United States;Farm Products;-12.988210936975857
SFM;Consumer Defensive;30000.0;Phoenix;AZ;United States;Grocery Stores;-25.915624625294857
SBH;Consumer Cyclical;30050.0;Denton;TX;United States;Specialty Retail;-30.85047393744299
SU;Energy;12889.0;Calgary;AB;Canada;Oil & Gas Integrated;-16.69182163705891
EPD;Energy;0.0;Houston;TX;United States;Oil & Gas Midstream;-19.042663148271117
JNJ;Healthcare;132200.0;New Brunswick;NJ;United States;Drug Manufacturers—General;-3.8329524819211063
STLD;Basic Materials;8400.0;Fort Wayne;IN;United States;Steel;-16.72920718589731
HBI;Consumer Cyclical;63000.0;Winston-Salem;NC;United States;Apparel Manufacturing;-28.663792283972978
DAN;Consumer Cyclical;36300.0;Maumee;OH;United States;Auto Parts;-26.96800546263084
SYF;Financial Services;16500.0;Stamford;CT;United States;Credit Services;-15.431559109238806
NLOK;Technology;11900.0;Tempe;AZ;United States;Software—Infrastructure;-21.783802933334442
QEP;Energy;248.0;Denver;CO;United States;Oil & Gas E&P;-70.11952274491018
YPF;Energy;0.0;Buenos Aires;0;Argentina;Oil & Gas Integrated;-39.56127375393832
CPE;Energy;475.0;Houston;TX;United States;Oil & Gas E&P;-69.69292322705064
SCCO;Basic Materials;24051.0;Phoenix;AZ;United States;Copper;-13.42937368007987
CNX;Energy;467.0;Canonsburg;PA;United States;Oil & Gas E&P;-49.28366946177337
SCHW;Financial Services;20200.0;San Francisco;CA;United States;Capital Markets;-11.220046524345497
WAB;Industrials;27500.0;Pittsburgh;PA;United States;Railroads;-6.935793508193434
TD;Financial Services;85000.0;Toronto;ON;Canada;Banks—Diversified;-8.896735710104025
TGI;Industrials;10776.0;Berwyn;PA;United States;Aerospace & Defense;-20.767304575902852
TLRD;Consumer Cyclical;13700.0;Houston;TX;United States;Apparel Retail;-60.121950524538335
ALLY;Financial Services;8700.0;Detroit;MI;United States;Credit Services;-16.377584797807682
DBX;Technology;2801.0;San Francisco;CA;United States;Software—Infrastructure;-19.868907872950732
ADI;Technology;16400.0;Norwood;MA;United States;Semiconductors;-4.241301649236903
RY;Financial Services;82491.0;Toronto;ON;Canada;Banks—Diversified;-6.067100949363069
WPX;Energy;590.0;Tulsa;OK;United States;Oil & Gas E&P;-33.78282595694347
CFG;Financial Services;17863.0;Providence;RI;United States;Banks—Regional;-12.915633235563586
BVN;Basic Materials;0.0;San Isidro;0;Peru;Other Precious Metals & Mining;-29.60858894494
OAS;Energy;609.0;Houston;TX;United States;Oil & Gas E&P;-73.33333397945412
PYPL;Financial Services;23200.0;San Jose;CA;United States;Credit Services;-3.957670296170321
PCAR;Industrials;27000.0;Bellevue;WA;United States;Farm & Heavy Construction Machinery;-6.197417537658904
FITB;Financial Services;20182.0;Cincinnati;OH;United States;Banks—Regional;-15.130436109459918
NVTA;Healthcare;1300.0;San Francisco;CA;United States;Diagnostics & Research;-17.38954561110731
QD;Financial Services;947.0;Xiamen;0;China;Credit Services;-61.751825955687835
DISCK;Communication Services;9200.0;Silver Spring;MD;United States;Entertainment;-14.422091896486569
ET;Energy;12812.0;Dallas;TX;United States;Oil & Gas Midstream;-27.344262795370135
HUN;Basic Materials;10000.0;The Woodlands;TX;United States;Chemicals;-17.973146778282494
LB;Consumer Cyclical;25500.0;Columbus;OH;United States;Apparel Retail;-16.07903798683301
IGT;Consumer Cyclical;11791.0;London;0;United Kingdom;Gambling;-27.962085216253552
BB;Technology;3647.0;Waterloo;ON;Canada;Software—Infrastructure;-44.34876106003005
COF;Financial Services;52100.0;McLean;VA;United States;Credit Services;-4.45983463918653
TEVA;Healthcare;40039.0;Petah Tikva;0;Israel;Drug Manufacturers—Specialty & Generic;-26.137091694046365
MGM;Consumer Cyclical;63000.0;Las Vegas;NV;United States;Resorts & Casinos;-14.125877138606292
GES;Consumer Cyclical;15800.0;Los Angeles;CA;United States;Apparel Retail;-19.920903956932953
ECL;Basic Materials;50000.0;Saint Paul;MN;United States;Specialty Chemicals;-2.1473925683137156
PGR;Financial Services;41571.0;Mayfield;OH;United States;Insurance—Property & Casualty;-5.122548199943761
HUBS;Technology;3387.0;Cambridge;MA;United States;Software—Application;-2.1484281882977343
BOX;Technology;2046.0;Redwood City;CA;United States;Software—Infrastructure;-19.043018039424496
FOLD;Healthcare;584.0;Cranbury;NJ;United States;Biotechnology;-28.943448743303435
GLUU;Communication Services;715.0;San Francisco;CA;United States;Electronic Gaming & Multimedia;-35.27272831309926
MRVL;Technology;5633.0;Hamilton;0;Bermuda;Semiconductors;-15.274463984947575
MXIM;Technology;7131.0;San Jose;CA;United States;Semiconductors;-6.426648356461648
WRK;Consumer Cyclical;0.0;Atlanta;GA;United States;Packaging & Containers;-10.256408408396041
RLGY;Real Estate;10150.0;Madison;NJ;United States;Real Estate Services;-28.96551477183032
BBAR;Financial Services;6218.0;Buenos Aires;0;Argentina;Banks—Regional;-48.200512838962716
PBI;Industrials;11000.0;Stamford;CT;United States;Business Equipment & Supplies;-52.301254673602635
LOMA;Basic Materials;0.0;Buenos Aires;0;Argentina;Building Materials;-39.13955557975044
CAG;Consumer Defensive;18000.0;Chicago;IL;United States;Packaged Foods;-12.088274053073041
SWK;Industrials;59438.0;New Britain;CT;United States;Tools & Accessories;-2.457242869944827
EBAY;Consumer Cyclical;13300.0;San Jose;CA;United States;Internet Retail;-9.437910092422385
IBKR;Financial Services;1643.0;Greenwich;CT;United States;Capital Markets;-6.547186925885623
PBCT;Financial Services;6110.0;Bridgeport;CT;United States;Banks—Regional;-20.284898123668796
SGMO;Healthcare;354.0;Brisbane;CA;United States;Biotechnology;-29.387418983076856
ON;Technology;34800.0;Phoenix;AZ;United States;Semiconductors;-15.94594952193425
KOS;Energy;360.0;Dallas;TX;United States;Oil & Gas E&P;-52.11930915052769
PBR;Energy;57983.0;Rio De Janeiro;RJ;Brazil;Oil & Gas Integrated;-21.27520838280351
HUYA;Communication Services;1864.0;Guangzhou;0;China;Entertainment;-14.09366901677499
BG;Consumer Defensive;24000.0;Saint Louis;MO;United States;Farm Products;-6.324816912413499
FCAU;0;0.0;0;0;0;0;-19.845365892625615
SYY;Consumer Defensive;69000.0;Houston;TX;United States;Food Distribution;-4.403327081286098
PM;Consumer Defensive;73500.0;New York;NY;United States;Tobacco;-3.568903091684023
MET;Financial Services;0.0;New York;NY;United States;Insurance—Life;-6.561679614832397
MCD;Consumer Cyclical;205000.0;Chicago;IL;United States;Restaurants;-1.4965488135733866
HPE;Technology;61600.0;San Jose;CA;United States;Communication Equipment;-18.586887773415725
CCO;Communication Services;5900.0;San Antonio;TX;United States;Advertising Agencies;-58.35010018857615
BSBR;Financial Services;47192.0;Sao Paulo;SP;Brazil;Banks—Regional;-24.91379524382903
SFIX;Consumer Cyclical;8000.0;San Francisco;CA;United States;Specialty Retail;-10.602673225826893
LPL;Technology;26632.0;Seoul;0;South Korea;Consumer Electronics;-32.79258269035831
NFLX;Communication Services;8600.0;Los Gatos;CA;United States;Entertainment;-0.7530290439403733
SWN;Energy;923.0;Spring;TX;United States;Oil & Gas E&P;-65.53398066679893
TXMD;Healthcare;348.0;Boca Raton;FL;United States;Drug Manufacturers—Specialty & Generic;-60.514019290290314
CVE;Energy;2361.0;Calgary;AB;Canada;Oil & Gas Integrated;-25.92964797148677
FEYE;Technology;3400.0;Milpitas;CA;United States;Software—Infrastructure;-16.287164418695706
MTG;Financial Services;724.0;Milwaukee;WI;United States;Insurance—Specialty;-17.60274370787258
ARI;Real Estate;0.0;New York;NY;United States;REIT—Mortgage;-13.646052423822214
TXN;Technology;29768.0;Dallas;TX;United States;Semiconductors;-2.193656919913322
HSIC;Healthcare;19000.0;Melville;NY;United States;Medical Distribution;-4.016385232862056
CAJ;Technology;187041.0;Tokyo;0;Japan;Computer Hardware;-9.205780051172027
JBLU;Industrials;22000.0;Long Island City;NY;United States;Airlines;-13.534248038514018
FCX;Basic Materials;27500.0;Phoenix;AZ;United States;Copper;-19.87128082370452
SHAK;Consumer Cyclical;7603.0;New York;NY;United States;Restaurants;-3.9431195851473646
KT;Communication Services;0.0;Seongnam;0;South Korea;Telecom Services;-20.181972731698682
HDB;Financial Services;0.0;Mumbai;0;India;Banks—Regional;-4.225601474243599
PWR;Industrials;40300.0;Houston;TX;United States;Engineering & Construction;-5.921534131423619
HMC;Consumer Cyclical;219722.0;Tokyo;0;Japan;Auto Manufacturers;-8.389862057361142
MDRX;Healthcare;9600.0;Chicago;IL;United States;Health Information Services;-23.606889065065808
SUPV;Financial Services;5019.0;Buenos Aires;0;Argentina;Banks—Regional;-46.39999866485596
FB;Communication Services;48268.0;Menlo Park;CA;United States;Internet Content & Information;-1.1859521373193884
CLDR;Technology;2723.0;Palo Alto;CA;United States;Software—Application;-20.535716338425303
BAC;Financial Services;208931.0;Charlotte;NC;United States;Banks—Diversified;-7.3773169450536065
AXTA;Basic Materials;14000.0;Philadelphia;PA;United States;Specialty Chemicals;-8.213626421984628
GRPN;Communication Services;6345.0;Chicago;IL;United States;Internet Content & Information;-62.03965880342375
GPRO;Technology;926.0;San Mateo;CA;United States;Consumer Electronics;-36.538460465056566
KNX;Industrials;23600.0;Phoenix;AZ;United States;Trucking;-6.361770851553144
RF;Financial Services;19743.0;Birmingham;AL;United States;Banks—Regional;-13.775508962835408
IPG;Communication Services;54300.0;New York;NY;United States;Advertising Agencies;-9.106380381482712
CDNS;Technology;8100.0;San Jose;CA;United States;Software—Application;-2.992081118210966
LPI;Energy;280.0;Tulsa;OK;United States;Oil & Gas E&P;-65.38461273943874
TEDU;Consumer Defensive;12337.0;Beijing;0;China;Education & Training Services;-39.334641416133536
NAVI;Financial Services;5800.0;Wilmington;DE;United States;Credit Services;-14.795149603856144
LX;Financial Services;0.0;Shenzhen;0;China;Credit Services;-14.348784307362983
BSMX;Financial Services;15746.0;Mexico City;DF;Mexico;Banks—Regional;-23.214284497864337
GIS;Consumer Defensive;40000.0;Minneapolis;MN;United States;Packaged Foods;-3.8083994483890695
LTHM;Basic Materials;800.0;Philadelphia;PA;United States;Specialty Chemicals;-17.695852615572576
DISH;Communication Services;16000.0;Englewood;CO;United States;Entertainment;-5.390911179679238
CROX;Consumer Cyclical;3803.0;Niwot;CO;United States;Footwear & Accessories;-6.702314480931205
HIG;Financial Services;19500.0;Hartford;CT;United States;Insurance—Diversified;-3.515548925499928
FHN;Financial Services;4969.0;Memphis;TN;United States;Banks—Regional;-11.780276462048716
BRFS;Consumer Defensive;90000.0;Itajai;SC;Brazil;Packaged Foods;-22.020723516404836
HBAN;Financial Services;15386.0;Columbus;OH;United States;Banks—Regional;-11.916725133131015
COTY;Consumer Defensive;19000.0;New York;NY;United States;Household & Personal Products;-15.009209631408376
IRM;Real Estate;25000.0;Boston;MA;United States;REIT—Specialty;-5.057755209568971
BHC;Healthcare;21700.0;Laval;QC;Canada;Drug Manufacturers—Specialty & Generic;-6.3478631116097635
ABEV;Consumer Defensive;50000.0;Sao Paulo;SP;Brazil;Beverages—Brewers;-31.41025307929323
AME;Industrials;18100.0;Berwyn;PA;United States;Specialty Industrial Machinery;-1.64684629597443
EXEL;Healthcare;617.0;Alameda;CA;United States;Biotechnology;-7.003499922761444
ISBC;Financial Services;1740.0;Short Hills;NJ;United States;Banks—Regional;-11.054855505871494
CX;Basic Materials;40586.0;San Pedro Garza Garcia;NL;Mexico;Building Materials;-28.227574437981694
ABT;Healthcare;107000.0;Abbott Park;IL;United States;Medical Devices;-1.5842569527941548
SOGO;Communication Services;2738.0;Beijing;0;China;Internet Content & Information;-22.445255744386746
NLY;Real Estate;10.0;New York;NY;United States;REIT—Mortgage;-11.84080110918489
KEY;Financial Services;16529.0;Cleveland;OH;United States;Banks—Regional;-6.784495279040523
UGP;Energy;16024.0;Sao Paulo;SP;Brazil;Oil & Gas Refining & Marketing;-21.992481927468948
SID;Basic Materials;24869.0;Itaim Bibi;SP;Brazil;Steel;-32.04419569292213
COLD;Real Estate;12600.0;Atlanta;GA;United States;REIT—Industrial;-3.583776827374632
UXIN;Communication Services;0.0;Beijing;0;China;Internet Content & Information;-40.35714337412193
WIT;Technology;182886.0;Bengaluru;0;India;Information Technology Services;-23.84106207735309
SPOT;Communication Services;5779.0;Stockholm;0;Sweden;Internet Content & Information;-0.7383844483622981
FAST;Industrials;22131.0;Winona;MN;United States;Industrial Distribution;-2.825497451578585
FSK;Financial Services;0.0;Philadelphia;PA;United States;Asset Management;-15.605095323769003
YUMC;Consumer Cyclical;450000.0;Shanghai;0;China;Restaurants;-2.1452493507768855
OPK;Healthcare;6096.0;Miami;FL;United States;Diagnostics & Research;-38.01653087973694
NIO;Consumer Cyclical;0.0;Shanghai;0;China;Auto Manufacturers;-17.068271111989038
XRX;Technology;26300.0;Norwalk;CT;United States;Information Technology Services;-2.5128611778140986
TV;Communication Services;42948.0;Mexico City;DF;Mexico;Broadcasting;-7.843139271514356
KDP;Consumer Defensive;26000.0;Burlington;MA;United States;Beverages—Non-Alcoholic;-2.5515604124833
MAT;Consumer Cyclical;24000.0;El Segundo;CA;United States;Leisure;-5.755397712675848
ESI;Basic Materials;0.0;Fort Lauderdale;FL;United States;Specialty Chemicals;-6.480642084644564
KMI;Energy;11086.0;Houston;TX;United States;Oil & Gas Midstream;-3.4743228240283663
ONVO;Healthcare;33.0;San Diego;CA;United States;Diagnostics & Research;-68.31683209217971
INFY;Technology;242371.0;Bengaluru;0;India;Information Technology Services;-6.325584234193314
AGNC;Real Estate;51.0;Bethesda;MD;United States;REIT—Mortgage;-3.7831632048628236
JCP;Consumer Cyclical;90000.0;Plano;TX;United States;Department Stores;-48.12030260515312
CIG;Utilities;5596.0;Belo Horizonte;MG;Brazil;Utilities—Diversified;-16.98630432269203
NYCB;Financial Services;2786.0;Westbury;NY;United States;Banks—Regional;-5.34150308758321
VG;Communication Services;2264.0;Holmdel;NJ;United States;Telecom Services;-6.178011945594429
CBL;Real Estate;493.0;Chattanooga;TN;United States;REIT—Retail;-49.5238099563149
MFG;Financial Services;59132.0;Tokyo;0;Japan;Banks—Regional;-15.873015392454379
LKQ;Consumer Cyclical;51000.0;Chicago;IL;United States;Auto Parts;-1.6622340467692283
AES;Utilities;8000.0;Arlington;VA;United States;Utilities—Diversified;-2.845527239586812
MUX;Basic Materials;448.0;Toronto;ON;Canada;Other Precious Metals & Mining;-34.78261019797467
ARCC;Financial Services;0.0;New York;NY;United States;Asset Management;-2.716465988476678
WY;Real Estate;9400.0;Seattle;WA;United States;REIT—Specialty;-1.8140572896618241
NWSA;Communication Services;28000.0;New York;NY;United States;Broadcasting;-2.893888013026394
A;Healthcare;16300.0;Santa Clara;CA;United States;Diagnostics & Research;-0.3362241433777587
IAG;Basic Materials;4832.0;Toronto;ON;Canada;Gold;-7.491857461721198
ENIA;Utilities;17295.0;Santiago;0;Chile;Utilities—Regulated Electric;-2.604751350210597
EQR;Real Estate;2700.0;Chicago;IL;United States;REIT—Residential;-0.26561031810217145
ODP;Consumer Cyclical;40000.0;Boca Raton;FL;United States;Specialty Retail;-5.622494151324176
AL;Industrials;117.0;Los Angeles;CA;United States;Rental & Leasing Services;-0.15616231507852002
QTWO;Technology;1574.0;Austin;TX;United States;Software—Application;-0.0662893444405667
BFB;Consumer Goods;4700.0;Louisville;KY;United States;Beverages - Wineries & Distillers;
KIM;Real Estate;502.0;New Hyde Park;NY;United States;REIT—Retail;0.17321412918080475
GNW;Financial Services;3100.0;Richmond;VA;United States;Insurance—Life;1.0362746465984924
H;Consumer Cyclical;55000.0;Chicago;IL;United States;Lodging;0.13071695963541669
NPTN;Technology;1690.0;San Jose;CA;United States;Semiconductors;1.5360967913474934
GGB;Basic Materials;0.0;Sao Paulo;SP;Brazil;Steel;3.0303000448463364
FLEX;Technology;200000.0;Singapore;0;Singapore;Electronic Components;2.870365374699957
LTC;Real Estate;22.0;Westlake Village;CA;United States;REIT—Healthcare Facilities;0.7868756574199421
VEEV;Healthcare;3501.0;Pleasanton;CA;United States;Health Information Services;0.2967136417452001
JEF;Financial Services;4800.0;New York;NY;United States;Financial Conglomerates;2.2354503400456007
BRX;Real Estate;477.0;New York;NY;United States;REIT—Retail;2.4760754945099057
IQ;Communication Services;8889.0;Beijing;0;China;Internet Content & Information;2.0473192552836075
CHS;Consumer Cyclical;4788.0;Fort Myers;FL;United States;Apparel Retail;12.957754443501143
SIRI;Communication Services;4534.0;New York;NY;United States;Broadcasting;8.006819015193965
HL;Basic Materials;1622.0;Coeur d'Alene;ID;United States;Gold;22.22222222222222
FWONK;Communication Services;0.0;Englewood;CO;United States;Broadcasting;1.3229627660800873
NMR;Financial Services;27864.0;Tokyo;0;Japan;Capital Markets;16.57894431388936
BSX;Healthcare;36000.0;Marlborough;MA;United States;Medical Devices;1.796895877042325
CNC;Healthcare;56600.0;St. Louis;MO;United States;Healthcare Plans;1.4542712603136796
K;Consumer Defensive;31000.0;Battle Creek;MI;United States;Packaged Foods;1.3916865183582627
JBHT;Industrials;29056.0;Lowell;AR;United States;Integrated Freight & Logistics;0.8681119399185783
SBS;Utilities;14994.0;Sao Paulo;SP;Brazil;Utilities—Regulated Water;7.419617560092291
SPWR;Technology;8400.0;San Jose;CA;United States;Solar;12.02613840506886
FIT;Technology;1684.0;San Francisco;CA;United States;Scientific & Technical Instruments;18.55287615530171
HIMX;Technology;1975.0;Tainan City;0;Taiwan;Semiconductors;30.67485402895586
INCY;Healthcare;1456.0;Wilmington;DE;United States;Biotechnology;1.384789522352496
BDX;Healthcare;65000.0;Franklin Lakes;NJ;United States;Medical Instruments & Supplies;0.46892846895709006
NKE;Consumer Cyclical;76700.0;Beaverton;OR;United States;Footwear & Accessories;1.2689724564687557
HPQ;Technology;56000.0;Palo Alto;CA;United States;Computer Hardware;5.74771656605063
GE;Industrials;205000.0;Boston;MA;United States;Specialty Industrial Machinery;11.819122572541001
ZNGA;Communication Services;1883.0;San Francisco;CA;United States;Electronic Gaming & Multimedia;21.338151601616627
PH;Industrials;55610.0;Cleveland;OH;United States;Specialty Industrial Machinery;0.7085643664404782
BTG;Basic Materials;0.0;Vancouver;BC;Canada;Gold;49.43819833424891
CYH;Healthcare;63000.0;Franklin;TN;United States;Medical Care Facilities;40.45583594682437
SKX;Consumer Cyclical;4000.0;Manhattan Beach;CA;United States;Footwear & Accessories;4.5842640175806535
SBUX;Consumer Cyclical;346000.0;Seattle;WA;United States;Restaurants;1.9763315182563832
HOLX;Healthcare;6478.0;Marlborough;MA;United States;Medical Instruments & Supplies;3.3559964338145
HCA;Healthcare;210000.0;Nashville;TN;United States;Medical Care Facilities;1.2677435739899812
AUY;Basic Materials;0.0;Toronto;ON;Canada;Gold;72.85067272875561
BITA;Communication Services;7935.0;Beijing;0;China;Advertising Agencies;12.45282730966244
MBT;Communication Services;0.0;Moscow;0;Russia;Telecom Services;23.882501963984485
IMGN;Healthcare;75.0;Waltham;MA;United States;Biotechnology;77.2908297280043
MAS;Industrials;22000.0;Livonia;MI;United States;Building Products & Equipment;5.05974515922408
D;Utilities;19100.0;Richmond;VA;United States;Utilities—Diversified;2.6388370546790316
HRL;Consumer Defensive;18700.0;Austin;MN;United States;Packaged Foods;5.343116500308585
GFI;Basic Materials;0.0;Sandton;0;South Africa;Gold;57.29442595066722
ATUS;Communication Services;10700.0;Long Island City;NY;United States;Telecom Services;9.29839719834185
RUN;Technology;4800.0;San Francisco;CA;United States;Solar;12.901349095701805
AMH;Real Estate;1324.0;Agoura Hills;CA;United States;REIT—Residential;9.564114723432422
BBY;Consumer Cyclical;125000.0;Richfield;MN;United States;Specialty Retail;3.079441552017834
IBN;Financial Services;0.0;Mumbai;0;India;Banks—Regional;20.294884707554893
REGI;Energy;829.0;Ames;IA;United States;Oil & Gas Refining & Marketing;9.705516770427696
INFN;Technology;3261.0;Sunnyvale;CA;United States;Communication Equipment;55.60641576229459
VICI;Real Estate;140.0;New York;NY;United States;REIT—Diversified;10.884951517477264
MORN;Financial Services;6737.0;Chicago;IL;United States;Financial Data & Stock Exchanges;1.7172107457292136
APPS;Technology;158.0;Austin;TX;United States;Software—Application;67.9452042267367
ROK;Industrials;23000.0;Milwaukee;WI;United States;Specialty Industrial Machinery;1.386813874057117
KR;Consumer Defensive;435000.0;Cincinnati;OH;United States;Grocery Stores;10.011730529901289
CTXS;Technology;8400.0;Fort Lauderdale;FL;United States;Software—Application;2.5490971063315273
O;Real Estate;194.0;San Diego;CA;United States;REIT—Retail;4.158272503091276
SNAP;Communication Services;3195.0;Santa Monica;CA;United States;Internet Content & Information;26.29233279016964
WU;Financial Services;11500.0;Denver;CO;United States;Credit Services;15.352908632988187
DLR;Real Estate;1550.0;San Francisco;CA;United States;REIT—Office;2.5529352746337683
JKHY;Technology;6402.0;Monett;MO;United States;Information Technology Services;2.099320736430129
CZR;Consumer Cyclical;64000.0;Las Vegas;NV;United States;Resorts & Casinos;32.94978535844636
FE;Utilities;12316.0;Akron;OH;United States;Utilities—Diversified;7.6644055178082535
SYK;Healthcare;40000.0;Kalamazoo;MI;United States;Medical Devices;1.7619751028108712
CERN;Healthcare;27400.0;North Kansas City;MO;United States;Health Information Services;5.145718778050736
JKS;Technology;15195.0;Shangrao;0;China;Solar;17.61071093129783
MTCH;Communication Services;1700.0;Dallas;TX;United States;Internet Content & Information;5.777053202579542
GNTX;Consumer Cyclical;5874.0;Zeeland;MI;United States;Auto Parts;15.484428173683225
ARMK;Consumer Cyclical;280000.0;Philadelphia;PA;United States;Restaurants;11.596539078131142
S;0;0.0;0;0;0;0;65.8844701022239
KKR;Financial Services;1384.0;New York;NY;United States;Asset Management;15.276102366426972
MPW;Real Estate;86.0;Birmingham;AL;United States;REIT—Healthcare Facilities;22.492748758067254
EIX;Utilities;12937.0;Rosemead;CA;United States;Utilities—Regulated Electric;6.145344788674508
INVH;Real Estate;1140.0;Dallas;TX;United States;REIT—Residential;15.966050119170744
NYT;Communication Services;4500.0;New York;NY;United States;Publishing;13.001500332448263
T;Communication Services;244490.0;Dallas;TX;United States;Telecom Services;14.054411197816826
INTC;Technology;110800.0;Santa Clara;CA;United States;Semiconductors;8.628448042943146
SMAR;Technology;1588.0;Bellevue;WA;United States;Software—Application;10.580368803884195
GILD;Healthcare;11800.0;Foster City;CA;United States;Drug Manufacturers—General;6.839190644848384
BMRN;Healthcare;3001.0;San Rafael;CA;United States;Biotechnology;5.412340146926132
SBSW;Basic Materials;69450.0;Weltevreden Park;0;South Africa;Gold;122.04724843053616
VIPS;Consumer Cyclical;20442.0;Guangzhou;0;China;Internet Retail;58.004927395669256
TJX;Consumer Cyclical;286000.0;Framingham;MA;United States;Apparel Retail;9.163929480883617
KO;Consumer Defensive;86200.0;Atlanta;GA;United States;Beverages—Non-Alcoholic;10.470887445785129
WDC;Technology;61800.0;San Jose;CA;United States;Computer Hardware;10.085199186601049
CVS;Healthcare;290000.0;Woonsocket;RI;United States;Healthcare Plans;9.612888433709657
AEP;Utilities;17408.0;Columbus;OH;United States;Utilities—Regulated Electric;6.211329323937061
CWEN;Utilities;307.0;Princeton;NJ;United States;Utilities—Renewable;33.164561148962655
LSCC;Technology;747.0;Hillsboro;OR;United States;Semiconductors;41.44997128831485
PEP;Consumer Defensive;267000.0;Purchase;NY;United States;Beverages—Non-Alcoholic;4.21501005208391
NUVA;Healthcare;2800.0;San Diego;CA;United States;Medical Devices;8.866826679910304
ABBV;Healthcare;30000.0;North Chicago;IL;United States;Drug Manufacturers—General;6.7372301707483135
CY;0;0.0;0;0;0;0;34.47874228298633
KMB;Consumer Defensive;40000.0;Dallas;TX;United States;Household & Personal Products;4.742516919286427
PLAN;Technology;1601.0;San Francisco;CA;United States;Software—Infrastructure;16.818292697438096
LLY;Healthcare;33815.0;Indianapolis;IN;United States;Drug Manufacturers—General;5.45986526973897
EA;Communication Services;9700.0;Redwood City;CA;United States;Electronic Gaming & Multimedia;7.009394230283678
TM;Consumer Cyclical;372636.0;Toyota;0;Japan;Auto Manufacturers;5.605365138725454
TW;Financial Services;919.0;New York;NY;United States;Capital Markets;16.89697265625
PAAS;Basic Materials;6800.0;Vancouver;BC;Canada;Silver;55.90550814509216
AKAM;Technology;7742.0;Cambridge;MA;United States;Software—Infrastructure;9.023319218392311
WING;Consumer Cyclical;209.0;Dallas;TX;United States;Restaurants;9.41953435387441
ALL;Financial Services;45780.0;Northbrook;IL;United States;Insurance—Property & Casualty;7.661617942000526
ICE;Financial Services;6293.0;Atlanta;GA;United States;Financial Data & Stock Exchanges;9.21777274360827
BAX;Healthcare;50000.0;Deerfield;IL;United States;Medical Instruments & Supplies;10.541648601878887
BILI;Communication Services;4791.0;Shanghai;0;China;Electronic Gaming & Multimedia;45.2488679972365
KEYS;Technology;13600.0;Santa Rosa;CA;United States;Scientific & Technical Instruments;9.258616935882916
PBH;Healthcare;520.0;Tarrytown;NY;United States;Medical Distribution;27.46503340528244
SO;Utilities;27943.0;Atlanta;GA;United States;Utilities—Regulated Electric;15.499430824667353
LEN;Consumer Cyclical;10106.0;Miami;FL;United States;Residential Construction;15.68251596837692
SPLK;Technology;5800.0;San Francisco;CA;United States;Software—Infrastructure;6.084386989597479
PG;Consumer Defensive;97000.0;Cincinnati;OH;United States;Household & Personal Products;8.064520591792874
JD;Consumer Cyclical;227730.0;Beijing;0;China;Internet Retail;28.946923210009334
UCTT;Technology;3940.0;Hayward;CA;United States;Semiconductor Equipment & Materials;73.67109562842504
PLD;Real Estate;1712.0;San Francisco;CA;United States;REIT—Industrial;11.80684777150924
FTNT;Technology;7082.0;Sunnyvale;CA;United States;Software—Infrastructure;9.706545090599779
BIP;Utilities;0.0;Hamilton;0;Bermuda;Utilities—Diversified;21.841855046468403
DHI;Consumer Cyclical;8916.0;Arlington;TX;United States;Residential Construction;21.205914750934994
TER;Technology;5500.0;North Reading;MA;United States;Semiconductor Equipment & Materials;19.674134720194665
ATVI;Communication Services;9080.0;Santa Monica;CA;United States;Electronic Gaming & Multimedia;20.10330420554597
TSM;Technology;0.0;Hsinchu City;0;Taiwan;Semiconductors;22.838233865737283
AZO;Consumer Cyclical;55680.0;Memphis;TN;United States;Specialty Retail;0.978974060207824
TTWO;Communication Services;4894.0;New York;NY;United States;Electronic Gaming & Multimedia;10.633043405874751
MU;Technology;37000.0;Boise;ID;United States;Semiconductors;24.815959656791392
ROST;Consumer Cyclical;92500.0;Dublin;CA;United States;Apparel Retail;10.695026452890408
SQ;Technology;3835.0;San Francisco;CA;United States;Software—Infrastructure;14.590209615303104
TROW;Financial Services;7471.0;Baltimore;MD;United States;Asset Management;10.001867523328396
BLL;Consumer Cyclical;18300.0;Broomfield;CO;United States;Packaging & Containers;18.161995341885596
NDAQ;Financial Services;4361.0;New York;NY;United States;Financial Data & Stock Exchanges;12.13778728696719
EL;Consumer Defensive;48000.0;New York;NY;United States;Household & Personal Products;6.459468256968756
MMC;Financial Services;76000.0;New York;NY;United States;Insurance Brokers;12.068589644728627
STNE;Technology;0.0;Sao Paulo;SP;Brazil;Software—Application;42.61709105799888
SNE;Technology;114400.0;Tokyo;0;Japan;Consumer Electronics;23.781096045650653
TPX;Consumer Cyclical;7400.0;Lexington;KY;United States;Furnishings, Fixtures & Appliances;20.331618295686326
BAH;Industrials;27200.0;McLean;VA;United States;Consulting Services;21.713896932587566
ITW;Industrials;45000.0;Glenview;IL;United States;Specialty Industrial Machinery;8.238181230241757
CBOE;Financial Services;823.0;Chicago;IL;United States;Financial Data & Stock Exchanges;12.871287128712872
RTN;0;0.0;0;0;0;0;7.484469834687022
MDT;Healthcare;101013.0;Dublin;0;Ireland;Medical Devices;15.130369805747105
BX;Financial Services;2905.0;New York;NY;United States;Asset Management;32.90546132649205
SWKS;Technology;9000.0;Irvine;CA;United States;Semiconductors;15.414742837554552
PDD;Consumer Cyclical;5828.0;Shanghai;0;China;Internet Retail;60.59244917682243
NEM;Basic Materials;16600.0;Greenwood Village;CO;United States;Gold;45.09102970100202
AMAT;Technology;22300.0;Santa Clara;CA;United States;Semiconductor Equipment & Materials;31.37431448194059
SRE;Utilities;13969.0;San Diego;CA;United States;Utilities—Diversified;11.112873917647905
REAL;Consumer Cyclical;2353.0;San Francisco;CA;United States;Specialty Retail;
ADSK;Technology;10100.0;San Rafael;CA;United States;Software—Application;8.037136515558473
SPCE;Industrials;721.0;Las Cruces;NM;United States;Aerospace & Defense;140.23438409494722
VRSK;Industrials;9060.0;Jersey City;NJ;United States;Consulting Services;10.500823541995858
ZBH;Healthcare;19900.0;Warsaw;IN;United States;Medical Devices;12.678963695498574
HD;Consumer Cyclical;415700.0;Atlanta;GA;United States;Home Improvement Retail;7.7562289234960735
TAL;Consumer Defensive;0.0;Beijing;0;China;Education & Training Services;40.65167304126581
EFX;Industrials;11200.0;Atlanta;GA;United States;Consulting Services;12.5871822789054
APD;Basic Materials;17000.0;Allentown;PA;United States;Chemicals;7.879349957769802
TMUS;Communication Services;53000.0;Bellevue;WA;United States;Telecom Services;22.500007515368413
XGN;Healthcare;153.0;Vista;CA;United States;Diagnostics & Research;
V;Financial Services;19500.0;San Francisco;CA;United States;Credit Services;10.727993460332817
AMD;Technology;11400.0;Santa Clara;CA;United States;Semiconductors;64.24701576403983
NBIX;Healthcare;700.0;San Diego;CA;United States;Biotechnology;23.355478818814245
SNPS;Technology;13896.0;Mountain View;CA;United States;Software—Infrastructure;15.075915212258973
INTU;Technology;9400.0;Mountain View;CA;United States;Software—Application;7.314419201744748
TMO;Healthcare;75000.0;Waltham;MA;United States;Diagnostics & Research;6.707764390222325
BEP;Utilities;2600.0;Hamilton;0;Bermuda;Utilities—Renewable;58.5373589850795
AMGN;Healthcare;23400.0;Thousand Oaks;CA;United States;Drug Manufacturers—General;10.244520475893648
GDS;Technology;1100.0;Shanghai;0;China;Software—Infrastructure;48.717295796503024
CCI;Real Estate;5100.0;Houston;TX;United States;REIT—Specialty;15.930416711238337
NTCO;Consumer Defensive;0.0;Sao Paulo;SP;Brazil;Household & Personal Products;
BABA;Consumer Cyclical;116519.0;Hangzhou;0;China;Internet Retail;11.265645278460246
CME;Financial Services;4360.0;Chicago;IL;United States;Financial Data & Stock Exchanges;11.992344218618147
DVA;Healthcare;65000.0;Denver;CO;United States;Medical Care Facilities;38.23686667365065
FREQ;Healthcare;43.0;Woburn;MA;United States;Biotechnology;
ZG;Communication Services;5249.0;Seattle;WA;United States;Internet Content & Information;65.24191284712869
CI;Healthcare;73700.0;Bloomfield;CT;United States;Healthcare Plans;13.860711101175166
FISV;Technology;44000.0;Brookfield;WI;United States;Information Technology Services;28.58318246479041
OKTA;Technology;2248.0;San Francisco;CA;United States;Software—Infrastructure;23.849125405034886
DG;Consumer Defensive;143000.0;Goodlettsville;TN;United States;Discount Stores;20.14388879696888
AVLR;Technology;2601.0;Seattle;WA;United States;Software—Application;43.88794194302928
TIF;Consumer Cyclical;14100.0;New York;NY;United States;Luxury Goods;24.154273450124993
PTON;Consumer Cyclical;2707.0;New York;NY;United States;Leisure;
WORK;Technology;2045.0;San Francisco;CA;United States;Software—Application;
CTVA;Basic Materials;21000.0;Wilmington;DE;United States;Agricultural Inputs;
NVCR;;782.0;0;0;0;;61.77451195288744
FIS;Technology;55000.0;Jacksonville;FL;United States;Information Technology Services;25.26447917686262
DOCU;Technology;3909.0;San Francisco;CA;United States;Software—Application;49.6878213440847
CHWY;Consumer Cyclical;12000.0;Dania Beach;FL;United States;Internet Retail;
FVRR;Communication Services;419.0;Tel Aviv;0;Israel;Internet Content & Information;
GO;Consumer Defensive;682.0;EmeryVille;CA;United States;Grocery Stores;
ZTS;Healthcare;10600.0;Parsippany;NJ;United States;Drug Manufacturers—Specialty & Generic;31.572183405939157
MSFT;Technology;144000.0;Redmond;WA;United States;Software—Infrastructure;24.843946345786467
EDU;Consumer Defensive;54758.0;Beijing;0;China;Education & Training Services;35.677908435450476
UBER;Technology;26900.0;San Francisco;CA;United States;Software—Application;
AMT;Real Estate;5454.0;Boston;MA;United States;REIT—Specialty;17.854915908563985
NTES;Communication Services;20797.0;Beijing;0;China;Internet Content & Information;12.360302595807068
LDOS;Technology;34000.0;Reston;VA;United States;Information Technology Services;53.50680022385033
ZM;Communication Services;2532.0;San Jose;CA;United States;Telecom Services;54.0267020981563
COST;Consumer Defensive;149000.0;Issaquah;WA;United States;Discount Stores;15.089248425305204
LULU;Consumer Cyclical;19000.0;Vancouver;BC;Canada;Apparel Retail;22.484509105413732
LMT;Industrials;110000.0;Bethesda;MD;United States;Aerospace & Defense;12.5627679598768
NOC;Industrials;90000.0;Falls Church;VA;United States;Aerospace & Defense;14.979019698563157
GOOGL;Communication Services;123048.0;Mountain View;CA;United States;Internet Content & Information;3.321250613318114
MA;Financial Services;18600.0;Purchase;NY;United States;Credit Services;17.44830423874864
DDOG;Technology;1403.0;New York;NY;United States;Software—Application;
ANSS;Technology;4100.0;Canonsburg;PA;United States;Software—Application;25.10460613816507
CTAS;Industrials;45000.0;Cincinnati;OH;United States;Specialty Business Services;22.99534109835703
ROKU;Communication Services;1650.0;Los Gatos;CA;United States;Entertainment;79.63021548940733
IGMS;Healthcare;64.0;Mountain View;CA;United States;Biotechnology;
VRTX;Healthcare;3000.0;Boston;MA;United States;Biotechnology;29.85740391327963
GOOG;Communication Services;123048.0;Mountain View;CA;United States;Internet Content & Information;4.019167878208413
BIO;Healthcare;8120.0;Hercules;CA;United States;Medical Devices;17.63801647565814
TFX;Healthcare;14400.0;Wayne;PA;United States;Medical Instruments & Supplies;19.402667705019937
RMD;Healthcare;7240.0;San Diego;CA;United States;Medical Instruments & Supplies;54.22529075824723
ADBE;Technology;22634.0;San Jose;CA;United States;Software—Infrastructure;20.612279810363134
CRWD;Technology;2309.0;Sunnyvale;CA;United States;Software—Infrastructure;
SHW;Basic Materials;61111.0;Cleveland;OH;United States;Specialty Chemicals;14.444223284615465
AAPL;Technology;137000.0;Cupertino;CA;United States;Consumer Electronics;33.600500726323126
DPZ;Consumer Cyclical;13100.0;Ann Arbor;MI;United States;Restaurants;26.25432276558931
BIIB;Healthcare;7400.0;Cambridge;MA;United States;Drug Manufacturers—General;34.44502924567914
LRCX;Technology;11000.0;Fremont;CA;United States;Semiconductor Equipment & Materials;42.35881992378008
BYND;Consumer Defensive;472.0;El Segundo;CA;United States;Packaged Foods;
NVDA;Technology;13775.0;Santa Clara;CA;United States;Semiconductors;50.59945606795313
CMG;Consumer Cyclical;85000.0;Newport Beach;CA;United States;Restaurants;14.114174543433819
REGN;Healthcare;8100.0;Tarrytown;NY;United States;Biotechnology;29.179141423416482
RNG;Technology;2363.0;Belmont;CA;United States;Software—Application;103.21523632346712
MELI;Consumer Cyclical;9703.0;Buenos Aires;0;Argentina;Internet Retail;24.66205778120732
CHTR;Communication Services;95100.0;Stamford;CT;United States;Entertainment;32.94067223897443
EQIX;Real Estate;8378.0;Redwood City;CA;United States;REIT—Specialty;27.62638776071107
SHOP;Technology;5000.0;Ottawa;ON;Canada;Software—Application;105.19509780553615
TSLA;Consumer Cyclical;48016.0;Palo Alto;CA;United States;Auto Manufacturers;176.63477320474
